,SendTech,INFUEL,INTECH,OUTFUEL,ReceiveTech
2,TRHV_1,EL2_1,TRHV_2,EL2_2,TRHV_2
3,TRHV_2,EL2_2,TRHV_9,EL2_9,TRHV_9
4,TRHV_2,EL2_2,TRHV_1,EL2_1,TRHV_1
6,TRHV_2,EL2_2,TRHV_3,EL2_3,TRHV_3
7,TRHV_3,EL2_3,TRHV_10,EL2_10,TRHV_10
8,TRHV_3,EL2_3,TRHV_2,EL2_2,TRHV_2
10,TRHV_3,EL2_3,TRHV_4,EL2_4,TRHV_4
11,TRHV_3,EL2_3,TRHV_377,EL2_377,TRHV_377
12,TRHV_4,EL2_4,TRHV_11,EL2_11,TRHV_11
13,TRHV_4,EL2_4,TRHV_3,EL2_3,TRHV_3
14,TRHV_4,EL2_4,TRHV_5,EL2_5,TRHV_5
16,TRHV_4,EL2_4,TRHV_378,EL2_378,TRHV_378
17,TRHV_5,EL2_5,TRHV_12,EL2_12,TRHV_12
19,TRHV_5,EL2_5,TRHV_4,EL2_4,TRHV_4
20,TRHV_5,EL2_5,TRHV_6,EL2_6,TRHV_6
21,TRHV_6,EL2_6,TRHV_13,EL2_13,TRHV_13
22,TRHV_6,EL2_6,TRHV_5,EL2_5,TRHV_5
25,TRHV_7,EL2_7,TRHV_14,EL2_14,TRHV_14
26,TRHV_7,EL2_7,TRHV_6,EL2_6,TRHV_6
28,KEEL00t00,KEEL2,TRHV_19,EL2_19,TRHV_19
30,KEEL00t00,KEEL2,TRHV_9,EL2_9,TRHV_9
31,KEEL00t00,KEEL2,TRHV_1,EL2_1,TRHV_1
35,TRHV_9,EL2_9,TRHV_10,EL2_10,TRHV_10
36,TRHV_9,EL2_9,TRHV_2,EL2_2,TRHV_2
38,TRHV_10,EL2_10,TRHV_9,EL2_9,TRHV_9
40,TRHV_10,EL2_10,TRHV_11,EL2_11,TRHV_11
41,TRHV_10,EL2_10,TRHV_3,EL2_3,TRHV_3
42,TRHV_11,EL2_11,TRHV_22,EL2_22,TRHV_22
43,TRHV_11,EL2_11,TRHV_10,EL2_10,TRHV_10
44,TRHV_11,EL2_11,TRHV_12,EL2_12,TRHV_12
46,TRHV_11,EL2_11,TRHV_4,EL2_4,TRHV_4
47,TRHV_12,EL2_12,TRHV_23,EL2_23,TRHV_23
49,TRHV_12,EL2_12,TRHV_11,EL2_11,TRHV_11
50,TRHV_12,EL2_12,TRHV_13,EL2_13,TRHV_13
51,TRHV_12,EL2_12,TRHV_5,EL2_5,TRHV_5
52,TRHV_13,EL2_13,TRHV_24,EL2_24,TRHV_24
53,TRHV_13,EL2_13,TRHV_12,EL2_12,TRHV_12
55,TRHV_13,EL2_13,TRHV_14,EL2_14,TRHV_14
56,TRHV_13,EL2_13,TRHV_6,EL2_6,TRHV_6
57,TRHV_14,EL2_14,TRHV_25,EL2_25,TRHV_25
58,TRHV_14,EL2_14,TRHV_13,EL2_13,TRHV_13
60,TRHV_14,EL2_14,TRHV_15,EL2_15,TRHV_15
62,TRHV_15,EL2_15,TRHV_26,EL2_26,TRHV_26
63,TRHV_15,EL2_15,TRHV_14,EL2_14,TRHV_14
65,TRHV_15,EL2_15,TRHV_16,EL2_16,TRHV_16
66,TRHV_16,EL2_16,TRHV_27,EL2_27,TRHV_27
67,TRHV_16,EL2_16,TRHV_15,EL2_15,TRHV_15
69,TRHV_17,EL2_17,TRHV_31,EL2_31,TRHV_31
71,TRHV_17,EL2_17,TRHV_18,EL2_18,TRHV_18
72,TRHV_18,EL2_18,TRHV_32,EL2_32,TRHV_32
73,TRHV_18,EL2_18,TRHV_17,EL2_17,TRHV_17
75,TRHV_19,EL2_19,TRHV_35,EL2_35,TRHV_35
79,KEEL00t00,KEEL2,TRHV_36,EL2_36,TRHV_36
84,KEEL00t00,KEEL2,TRHV_37,EL2_37,TRHV_37
87,KEEL00t00,KEEL2,TRHV_22,EL2_22,TRHV_22
88,KEEL00t00,KEEL2,TRHV_10,EL2_10,TRHV_10
89,TRHV_22,EL2_22,TRHV_38,EL2_38,TRHV_38
91,TRHV_22,EL2_22,TRHV_23,EL2_23,TRHV_23
93,TRHV_22,EL2_22,TRHV_11,EL2_11,TRHV_11
94,TRHV_23,EL2_23,TRHV_39,EL2_39,TRHV_39
96,TRHV_23,EL2_23,TRHV_22,EL2_22,TRHV_22
97,TRHV_23,EL2_23,TRHV_24,EL2_24,TRHV_24
98,TRHV_23,EL2_23,TRHV_12,EL2_12,TRHV_12
99,TRHV_24,EL2_24,TRHV_40,EL2_40,TRHV_40
100,TRHV_24,EL2_24,TRHV_23,EL2_23,TRHV_23
102,TRHV_24,EL2_24,TRHV_25,EL2_25,TRHV_25
103,TRHV_24,EL2_24,TRHV_13,EL2_13,TRHV_13
104,TRHV_25,EL2_25,TRHV_41,EL2_41,TRHV_41
105,TRHV_25,EL2_25,TRHV_24,EL2_24,TRHV_24
107,TRHV_25,EL2_25,TRHV_26,EL2_26,TRHV_26
108,TRHV_25,EL2_25,TRHV_14,EL2_14,TRHV_14
110,TRHV_26,EL2_26,TRHV_25,EL2_25,TRHV_25
112,TRHV_26,EL2_26,TRHV_27,EL2_27,TRHV_27
113,TRHV_26,EL2_26,TRHV_15,EL2_15,TRHV_15
115,TRHV_27,EL2_27,TRHV_26,EL2_26,TRHV_26
117,TRHV_27,EL2_27,TRHV_28,EL2_28,TRHV_28
118,TRHV_27,EL2_27,TRHV_16,EL2_16,TRHV_16
119,TRHV_28,EL2_28,TRHV_44,EL2_44,TRHV_44
120,TRHV_28,EL2_28,TRHV_27,EL2_27,TRHV_27
122,TRHV_28,EL2_28,TRHV_29,EL2_29,TRHV_29
123,TRHV_29,EL2_29,TRHV_45,EL2_45,TRHV_45
124,TRHV_29,EL2_29,TRHV_28,EL2_28,TRHV_28
128,TRHV_30,EL2_30,TRHV_31,EL2_31,TRHV_31
130,TRHV_31,EL2_31,TRHV_30,EL2_30,TRHV_30
132,TRHV_31,EL2_31,TRHV_32,EL2_32,TRHV_32
133,TRHV_31,EL2_31,TRHV_17,EL2_17,TRHV_17
134,TRHV_32,EL2_32,TRHV_53,EL2_53,TRHV_53
135,TRHV_32,EL2_32,TRHV_31,EL2_31,TRHV_31
138,TRHV_32,EL2_32,TRHV_18,EL2_18,TRHV_18
139,KEEL00t00,KEEL2,TRHV_54,EL2_54,TRHV_54
140,KEEL00t00,KEEL2,TRHV_32,EL2_32,TRHV_32
143,KEEL00t00,KEEL2,TRHV_55,EL2_55,TRHV_55
147,TRHV_35,EL2_35,TRHV_36,EL2_36,TRHV_36
148,TRHV_35,EL2_35,TRHV_19,EL2_19,TRHV_19
149,TRHV_36,EL2_36,TRHV_56,EL2_56,TRHV_56
150,TRHV_36,EL2_36,TRHV_35,EL2_35,TRHV_35
152,TRHV_36,EL2_36,TRHV_37,EL2_37,TRHV_37
154,TRHV_37,EL2_37,TRHV_57,EL2_57,TRHV_57
155,TRHV_37,EL2_37,TRHV_36,EL2_36,TRHV_36
157,TRHV_37,EL2_37,TRHV_38,EL2_38,TRHV_38
160,TRHV_38,EL2_38,TRHV_37,EL2_37,TRHV_37
161,TRHV_38,EL2_38,TRHV_39,EL2_39,TRHV_39
163,TRHV_38,EL2_38,TRHV_22,EL2_22,TRHV_22
164,TRHV_39,EL2_39,TRHV_59,EL2_59,TRHV_59
166,TRHV_39,EL2_39,TRHV_38,EL2_38,TRHV_38
167,TRHV_39,EL2_39,TRHV_40,EL2_40,TRHV_40
168,TRHV_39,EL2_39,TRHV_23,EL2_23,TRHV_23
169,TRHV_40,EL2_40,TRHV_60,EL2_60,TRHV_60
170,TRHV_40,EL2_40,TRHV_39,EL2_39,TRHV_39
172,TRHV_40,EL2_40,TRHV_41,EL2_41,TRHV_41
173,TRHV_40,EL2_40,TRHV_24,EL2_24,TRHV_24
174,TRHV_41,EL2_41,TRHV_61,EL2_61,TRHV_61
175,TRHV_41,EL2_41,TRHV_40,EL2_40,TRHV_40
178,TRHV_41,EL2_41,TRHV_25,EL2_25,TRHV_25
179,KEEL00t00,KEEL2,TRHV_62,EL2_62,TRHV_62
180,KEEL00t00,KEEL2,TRHV_41,EL2_41,TRHV_41
183,KEEL00t00,KEEL2,TRHV_26,EL2_26,TRHV_26
184,KEEL00t00,KEEL2,TRHV_63,EL2_63,TRHV_63
187,KEEL00t00,KEEL2,TRHV_44,EL2_44,TRHV_44
188,KEEL00t00,KEEL2,TRHV_27,EL2_27,TRHV_27
189,TRHV_44,EL2_44,TRHV_64,EL2_64,TRHV_64
192,TRHV_44,EL2_44,TRHV_45,EL2_45,TRHV_45
193,TRHV_44,EL2_44,TRHV_28,EL2_28,TRHV_28
194,TRHV_45,EL2_45,TRHV_65,EL2_65,TRHV_65
195,TRHV_45,EL2_45,TRHV_44,EL2_44,TRHV_44
197,TRHV_45,EL2_45,TRHV_46,EL2_46,TRHV_46
198,TRHV_45,EL2_45,TRHV_29,EL2_29,TRHV_29
199,TRHV_46,EL2_46,TRHV_66,EL2_66,TRHV_66
200,TRHV_46,EL2_46,TRHV_45,EL2_45,TRHV_45
202,TRHV_46,EL2_46,TRHV_47,EL2_47,TRHV_47
203,TRHV_47,EL2_47,TRHV_67,EL2_67,TRHV_67
204,TRHV_47,EL2_47,TRHV_46,EL2_46,TRHV_46
207,KEEL00t00,KEEL2,TRHV_68,EL2_68,TRHV_68
208,KEEL00t00,KEEL2,TRHV_47,EL2_47,TRHV_47
211,KEEL00t00,KEEL2,TRHV_69,EL2_69,TRHV_69
214,KEEL00t00,KEEL2,TRHV_50,EL2_50,TRHV_50
215,TRHV_50,EL2_50,TRHV_70,EL2_70,TRHV_70
219,KEEL00t00,KEEL2,TRHV_71,EL2_71,TRHV_71
223,KEEL00t00,KEEL2,TRHV_30,EL2_30,TRHV_30
224,KEEL00t00,KEEL2,TRHV_72,EL2_72,TRHV_72
227,KEEL00t00,KEEL2,TRHV_53,EL2_53,TRHV_53
228,KEEL00t00,KEEL2,TRHV_31,EL2_31,TRHV_31
232,TRHV_53,EL2_53,TRHV_54,EL2_54,TRHV_54
233,TRHV_53,EL2_53,TRHV_32,EL2_32,TRHV_32
235,TRHV_54,EL2_54,TRHV_53,EL2_53,TRHV_53
237,TRHV_54,EL2_54,TRHV_55,EL2_55,TRHV_55
239,TRHV_55,EL2_55,TRHV_54,EL2_54,TRHV_54
243,TRHV_56,EL2_56,TRHV_57,EL2_57,TRHV_57
244,TRHV_56,EL2_56,TRHV_36,EL2_36,TRHV_36
245,TRHV_57,EL2_57,TRHV_75,EL2_75,TRHV_75
246,TRHV_57,EL2_57,TRHV_56,EL2_56,TRHV_56
249,TRHV_57,EL2_57,TRHV_37,EL2_37,TRHV_37
250,KEEL00t00,KEEL2,TRHV_76,EL2_76,TRHV_76
251,KEEL00t00,KEEL2,TRHV_57,EL2_57,TRHV_57
252,KEEL00t00,KEEL2,TRHV_59,EL2_59,TRHV_59
254,KEEL00t00,KEEL2,TRHV_38,EL2_38,TRHV_38
255,TRHV_59,EL2_59,TRHV_77,EL2_77,TRHV_77
258,TRHV_59,EL2_59,TRHV_60,EL2_60,TRHV_60
259,TRHV_59,EL2_59,TRHV_39,EL2_39,TRHV_39
260,TRHV_60,EL2_60,TRHV_78,EL2_78,TRHV_78
261,TRHV_60,EL2_60,TRHV_59,EL2_59,TRHV_59
263,TRHV_60,EL2_60,TRHV_61,EL2_61,TRHV_61
264,TRHV_60,EL2_60,TRHV_40,EL2_40,TRHV_40
265,TRHV_61,EL2_61,TRHV_79,EL2_79,TRHV_79
266,TRHV_61,EL2_61,TRHV_60,EL2_60,TRHV_60
268,TRHV_61,EL2_61,TRHV_62,EL2_62,TRHV_62
269,TRHV_61,EL2_61,TRHV_41,EL2_41,TRHV_41
270,TRHV_62,EL2_62,TRHV_80,EL2_80,TRHV_80
271,TRHV_62,EL2_62,TRHV_61,EL2_61,TRHV_61
273,TRHV_62,EL2_62,TRHV_63,EL2_63,TRHV_63
275,TRHV_63,EL2_63,TRHV_81,EL2_81,TRHV_81
276,TRHV_63,EL2_63,TRHV_62,EL2_62,TRHV_62
278,TRHV_63,EL2_63,TRHV_64,EL2_64,TRHV_64
280,TRHV_64,EL2_64,TRHV_82,EL2_82,TRHV_82
281,TRHV_64,EL2_64,TRHV_63,EL2_63,TRHV_63
283,TRHV_64,EL2_64,TRHV_65,EL2_65,TRHV_65
284,TRHV_64,EL2_64,TRHV_44,EL2_44,TRHV_44
285,TRHV_65,EL2_65,TRHV_83,EL2_83,TRHV_83
286,TRHV_65,EL2_65,TRHV_64,EL2_64,TRHV_64
288,TRHV_65,EL2_65,TRHV_66,EL2_66,TRHV_66
289,TRHV_65,EL2_65,TRHV_45,EL2_45,TRHV_45
290,TRHV_66,EL2_66,TRHV_84,EL2_84,TRHV_84
291,TRHV_66,EL2_66,TRHV_65,EL2_65,TRHV_65
293,TRHV_66,EL2_66,TRHV_67,EL2_67,TRHV_67
294,TRHV_66,EL2_66,TRHV_46,EL2_46,TRHV_46
295,TRHV_67,EL2_67,TRHV_85,EL2_85,TRHV_85
296,TRHV_67,EL2_67,TRHV_66,EL2_66,TRHV_66
298,TRHV_67,EL2_67,TRHV_68,EL2_68,TRHV_68
299,TRHV_67,EL2_67,TRHV_47,EL2_47,TRHV_47
300,TRHV_68,EL2_68,TRHV_86,EL2_86,TRHV_86
301,TRHV_68,EL2_68,TRHV_67,EL2_67,TRHV_67
303,TRHV_68,EL2_68,TRHV_69,EL2_69,TRHV_69
306,TRHV_69,EL2_69,TRHV_68,EL2_68,TRHV_68
308,TRHV_69,EL2_69,TRHV_70,EL2_70,TRHV_70
311,TRHV_70,EL2_70,TRHV_69,EL2_69,TRHV_69
313,TRHV_70,EL2_70,TRHV_71,EL2_71,TRHV_71
314,TRHV_70,EL2_70,TRHV_50,EL2_50,TRHV_50
315,TRHV_71,EL2_71,TRHV_89,EL2_89,TRHV_89
316,TRHV_71,EL2_71,TRHV_70,EL2_70,TRHV_70
318,TRHV_71,EL2_71,TRHV_72,EL2_72,TRHV_72
320,TRHV_72,EL2_72,TRHV_90,EL2_90,TRHV_90
321,TRHV_72,EL2_72,TRHV_71,EL2_71,TRHV_71
335,TRHV_75,EL2_75,TRHV_76,EL2_76,TRHV_76
336,TRHV_75,EL2_75,TRHV_57,EL2_57,TRHV_57
338,TRHV_76,EL2_76,TRHV_75,EL2_75,TRHV_75
339,TRHV_76,EL2_76,TRHV_77,EL2_77,TRHV_77
344,TRHV_77,EL2_77,TRHV_76,EL2_76,TRHV_76
345,TRHV_77,EL2_77,TRHV_78,EL2_78,TRHV_78
346,TRHV_77,EL2_77,TRHV_59,EL2_59,TRHV_59
347,TRHV_78,EL2_78,TRHV_95,EL2_95,TRHV_95
348,TRHV_78,EL2_78,TRHV_77,EL2_77,TRHV_77
350,TRHV_78,EL2_78,TRHV_79,EL2_79,TRHV_79
351,TRHV_78,EL2_78,TRHV_60,EL2_60,TRHV_60
352,TRHV_79,EL2_79,TRHV_96,EL2_96,TRHV_96
353,TRHV_79,EL2_79,TRHV_78,EL2_78,TRHV_78
355,TRHV_79,EL2_79,TRHV_80,EL2_80,TRHV_80
356,TRHV_79,EL2_79,TRHV_61,EL2_61,TRHV_61
358,TRHV_80,EL2_80,TRHV_79,EL2_79,TRHV_79
360,TRHV_80,EL2_80,TRHV_81,EL2_81,TRHV_81
361,TRHV_80,EL2_80,TRHV_62,EL2_62,TRHV_62
362,TRHV_81,EL2_81,TRHV_98,EL2_98,TRHV_98
363,TRHV_81,EL2_81,TRHV_80,EL2_80,TRHV_80
365,TRHV_81,EL2_81,TRHV_82,EL2_82,TRHV_82
366,TRHV_81,EL2_81,TRHV_63,EL2_63,TRHV_63
367,TRHV_82,EL2_82,TRHV_99,EL2_99,TRHV_99
368,TRHV_82,EL2_82,TRHV_81,EL2_81,TRHV_81
370,TRHV_82,EL2_82,TRHV_83,EL2_83,TRHV_83
371,TRHV_82,EL2_82,TRHV_64,EL2_64,TRHV_64
373,TRHV_83,EL2_83,TRHV_82,EL2_82,TRHV_82
375,TRHV_83,EL2_83,TRHV_84,EL2_84,TRHV_84
376,TRHV_83,EL2_83,TRHV_65,EL2_65,TRHV_65
377,TRHV_84,EL2_84,TRHV_101,EL2_101,TRHV_101
378,TRHV_84,EL2_84,TRHV_83,EL2_83,TRHV_83
380,TRHV_84,EL2_84,TRHV_85,EL2_85,TRHV_85
381,TRHV_84,EL2_84,TRHV_66,EL2_66,TRHV_66
383,TRHV_85,EL2_85,TRHV_84,EL2_84,TRHV_84
385,TRHV_85,EL2_85,TRHV_86,EL2_86,TRHV_86
386,TRHV_85,EL2_85,TRHV_67,EL2_67,TRHV_67
387,TRHV_86,EL2_86,TRHV_103,EL2_103,TRHV_103
388,TRHV_86,EL2_86,TRHV_85,EL2_85,TRHV_85
391,TRHV_86,EL2_86,TRHV_68,EL2_68,TRHV_68
392,KEEL00t00,KEEL2,TRHV_104,EL2_104,TRHV_104
393,KEEL00t00,KEEL2,TRHV_86,EL2_86,TRHV_86
400,KEEL00t00,KEEL2,TRHV_89,EL2_89,TRHV_89
401,KEEL00t00,KEEL2,TRHV_70,EL2_70,TRHV_70
405,TRHV_89,EL2_89,TRHV_90,EL2_90,TRHV_90
406,TRHV_89,EL2_89,TRHV_71,EL2_71,TRHV_71
407,TRHV_90,EL2_90,TRHV_107,EL2_107,TRHV_107
408,TRHV_90,EL2_90,TRHV_89,EL2_89,TRHV_89
411,TRHV_90,EL2_90,TRHV_72,EL2_72,TRHV_72
413,KEEL00t00,KEEL2,TRHV_90,EL2_90,TRHV_90
419,KEEL00t00,KEEL2,TRHV_75,EL2_75,TRHV_75
425,KEEL00t00,KEEL2,TRHV_111,EL2_111,TRHV_111
428,KEEL00t00,KEEL2,TRHV_95,EL2_95,TRHV_95
429,KEEL00t00,KEEL2,TRHV_77,EL2_77,TRHV_77
430,TRHV_95,EL2_95,TRHV_112,EL2_112,TRHV_112
433,TRHV_95,EL2_95,TRHV_96,EL2_96,TRHV_96
434,TRHV_95,EL2_95,TRHV_78,EL2_78,TRHV_78
435,TRHV_96,EL2_96,TRHV_113,EL2_113,TRHV_113
436,TRHV_96,EL2_96,TRHV_95,EL2_95,TRHV_95
439,TRHV_96,EL2_96,TRHV_79,EL2_79,TRHV_79
441,KEEL00t00,KEEL2,TRHV_96,EL2_96,TRHV_96
443,KEEL00t00,KEEL2,TRHV_98,EL2_98,TRHV_98
444,KEEL00t00,KEEL2,TRHV_80,EL2_80,TRHV_80
445,TRHV_98,EL2_98,TRHV_115,EL2_115,TRHV_115
448,TRHV_98,EL2_98,TRHV_99,EL2_99,TRHV_99
449,TRHV_98,EL2_98,TRHV_81,EL2_81,TRHV_81
450,TRHV_99,EL2_99,TRHV_116,EL2_116,TRHV_116
451,TRHV_99,EL2_99,TRHV_98,EL2_98,TRHV_98
454,TRHV_99,EL2_99,TRHV_82,EL2_82,TRHV_82
456,KEEL00t00,KEEL2,TRHV_99,EL2_99,TRHV_99
458,KEEL00t00,KEEL2,TRHV_101,EL2_101,TRHV_101
459,KEEL00t00,KEEL2,TRHV_83,EL2_83,TRHV_83
460,TRHV_101,EL2_101,TRHV_118,EL2_118,TRHV_118
464,TRHV_101,EL2_101,TRHV_84,EL2_84,TRHV_84
465,TRHV_102,EL2_102,TRHV_119,EL2_119,TRHV_119
466,TRHV_102,EL2_102,TRHV_101,EL2_101,TRHV_101
468,TRHV_102,EL2_102,TRHV_103,EL2_103,TRHV_103
469,TRHV_102,EL2_102,TRHV_85,EL2_85,TRHV_85
470,TRHV_103,EL2_103,TRHV_120,EL2_120,TRHV_120
473,TRHV_103,EL2_103,TRHV_104,EL2_104,TRHV_104
474,TRHV_103,EL2_103,TRHV_86,EL2_86,TRHV_86
475,TRHV_104,EL2_104,TRHV_121,EL2_121,TRHV_121
476,TRHV_104,EL2_104,TRHV_103,EL2_103,TRHV_103
488,KEEL00t00,KEEL2,TRHV_107,EL2_107,TRHV_107
490,TRHV_107,EL2_107,TRHV_124,EL2_124,TRHV_124
494,TRHV_107,EL2_107,TRHV_90,EL2_90,TRHV_90
495,KEEL00t00,KEEL2,TRHV_125,EL2_125,TRHV_125
508,TRHV_111,EL2_111,TRHV_128,EL2_128,TRHV_128
511,TRHV_111,EL2_111,TRHV_112,EL2_112,TRHV_112
513,TRHV_112,EL2_112,TRHV_129,EL2_129,TRHV_129
514,TRHV_112,EL2_112,TRHV_111,EL2_111,TRHV_111
516,TRHV_112,EL2_112,TRHV_113,EL2_113,TRHV_113
517,TRHV_112,EL2_112,TRHV_95,EL2_95,TRHV_95
518,TRHV_113,EL2_113,TRHV_130,EL2_130,TRHV_130
519,TRHV_113,EL2_113,TRHV_112,EL2_112,TRHV_112
522,TRHV_113,EL2_113,TRHV_96,EL2_96,TRHV_96
524,KEEL00t00,KEEL2,TRHV_113,EL2_113,TRHV_113
526,KEEL00t00,KEEL2,TRHV_115,EL2_115,TRHV_115
528,TRHV_115,EL2_115,TRHV_132,EL2_132,TRHV_132
531,TRHV_115,EL2_115,TRHV_116,EL2_116,TRHV_116
532,TRHV_115,EL2_115,TRHV_98,EL2_98,TRHV_98
533,TRHV_116,EL2_116,TRHV_133,EL2_133,TRHV_133
534,TRHV_116,EL2_116,TRHV_115,EL2_115,TRHV_115
537,TRHV_116,EL2_116,TRHV_99,EL2_99,TRHV_99
539,KEEL00t00,KEEL2,TRHV_116,EL2_116,TRHV_116
541,KEEL00t00,KEEL2,TRHV_118,EL2_118,TRHV_118
543,TRHV_118,EL2_118,TRHV_135,EL2_135,TRHV_135
546,TRHV_118,EL2_118,TRHV_119,EL2_119,TRHV_119
547,TRHV_118,EL2_118,TRHV_101,EL2_101,TRHV_101
548,TRHV_119,EL2_119,TRHV_136,EL2_136,TRHV_136
549,TRHV_119,EL2_119,TRHV_118,EL2_118,TRHV_118
551,TRHV_119,EL2_119,TRHV_120,EL2_120,TRHV_120
553,TRHV_120,EL2_120,TRHV_137,EL2_137,TRHV_137
554,TRHV_120,EL2_120,TRHV_119,EL2_119,TRHV_119
556,TRHV_120,EL2_120,TRHV_121,EL2_121,TRHV_121
557,TRHV_120,EL2_120,TRHV_103,EL2_103,TRHV_103
558,TRHV_121,EL2_121,TRHV_138,EL2_138,TRHV_138
559,TRHV_121,EL2_121,TRHV_120,EL2_120,TRHV_120
562,TRHV_121,EL2_121,TRHV_104,EL2_104,TRHV_104
563,KEEL00t00,KEEL2,TRHV_139,EL2_139,TRHV_139
564,KEEL00t00,KEEL2,TRHV_121,EL2_121,TRHV_121
571,KEEL00t00,KEEL2,TRHV_124,EL2_124,TRHV_124
573,TRHV_124,EL2_124,TRHV_141,EL2_141,TRHV_141
576,TRHV_124,EL2_124,TRHV_125,EL2_125,TRHV_125
577,TRHV_124,EL2_124,TRHV_107,EL2_107,TRHV_107
578,TRHV_125,EL2_125,TRHV_142,EL2_142,TRHV_142
579,TRHV_125,EL2_125,TRHV_124,EL2_124,TRHV_124
588,KEEL00t00,KEEL2,TRHV_128,EL2_128,TRHV_128
594,TRHV_128,EL2_128,TRHV_129,EL2_129,TRHV_129
595,TRHV_128,EL2_128,TRHV_111,EL2_111,TRHV_111
596,TRHV_129,EL2_129,TRHV_146,EL2_146,TRHV_146
597,TRHV_129,EL2_129,TRHV_128,EL2_128,TRHV_128
599,TRHV_129,EL2_129,TRHV_130,EL2_130,TRHV_130
600,TRHV_129,EL2_129,TRHV_112,EL2_112,TRHV_112
602,TRHV_130,EL2_130,TRHV_129,EL2_129,TRHV_129
605,TRHV_130,EL2_130,TRHV_113,EL2_113,TRHV_113
607,KEEL00t00,KEEL2,TRHV_130,EL2_130,TRHV_130
609,KEEL00t00,KEEL2,TRHV_132,EL2_132,TRHV_132
614,TRHV_132,EL2_132,TRHV_133,EL2_133,TRHV_133
615,TRHV_132,EL2_132,TRHV_115,EL2_115,TRHV_115
616,TRHV_133,EL2_133,TRHV_150,EL2_150,TRHV_150
617,TRHV_133,EL2_133,TRHV_132,EL2_132,TRHV_132
620,TRHV_133,EL2_133,TRHV_116,EL2_116,TRHV_116
621,KEEL00t00,KEEL2,TRHV_151,EL2_151,TRHV_151
622,KEEL00t00,KEEL2,TRHV_133,EL2_133,TRHV_133
624,KEEL00t00,KEEL2,TRHV_135,EL2_135,TRHV_135
626,TRHV_135,EL2_135,TRHV_152,EL2_152,TRHV_152
629,TRHV_135,EL2_135,TRHV_136,EL2_136,TRHV_136
630,TRHV_135,EL2_135,TRHV_118,EL2_118,TRHV_118
632,TRHV_136,EL2_136,TRHV_135,EL2_135,TRHV_135
634,TRHV_136,EL2_136,TRHV_137,EL2_137,TRHV_137
635,TRHV_136,EL2_136,TRHV_119,EL2_119,TRHV_119
636,TRHV_137,EL2_137,TRHV_154,EL2_154,TRHV_154
637,TRHV_137,EL2_137,TRHV_136,EL2_136,TRHV_136
639,TRHV_137,EL2_137,TRHV_138,EL2_138,TRHV_138
640,TRHV_137,EL2_137,TRHV_120,EL2_120,TRHV_120
641,TRHV_138,EL2_138,TRHV_155,EL2_155,TRHV_155
642,TRHV_138,EL2_138,TRHV_137,EL2_137,TRHV_137
644,TRHV_138,EL2_138,TRHV_139,EL2_139,TRHV_139
645,TRHV_138,EL2_138,TRHV_121,EL2_121,TRHV_121
646,TRHV_139,EL2_139,TRHV_156,EL2_156,TRHV_156
647,TRHV_139,EL2_139,TRHV_138,EL2_138,TRHV_138
651,KEEL00t00,KEEL2,TRHV_157,EL2_157,TRHV_157
654,KEEL00t00,KEEL2,TRHV_141,EL2_141,TRHV_141
656,TRHV_141,EL2_141,TRHV_158,EL2_158,TRHV_158
659,TRHV_141,EL2_141,TRHV_142,EL2_142,TRHV_142
660,TRHV_141,EL2_141,TRHV_124,EL2_124,TRHV_124
661,TRHV_142,EL2_142,TRHV_159,EL2_159,TRHV_159
662,TRHV_142,EL2_142,TRHV_141,EL2_141,TRHV_141
664,TRHV_142,EL2_142,TRHV_125,EL2_125,TRHV_125
677,KEEL00t00,KEEL2,TRHV_146,EL2_146,TRHV_146
683,TRHV_146,EL2_146,TRHV_129,EL2_129,TRHV_129
697,KEEL00t00,KEEL2,TRHV_150,EL2_150,TRHV_150
702,TRHV_150,EL2_150,TRHV_151,EL2_151,TRHV_151
703,TRHV_150,EL2_150,TRHV_133,EL2_133,TRHV_133
704,TRHV_151,EL2_151,TRHV_169,EL2_169,TRHV_169
705,TRHV_151,EL2_151,TRHV_150,EL2_150,TRHV_150
707,TRHV_151,EL2_151,TRHV_152,EL2_152,TRHV_152
709,TRHV_152,EL2_152,TRHV_170,EL2_170,TRHV_170
710,TRHV_152,EL2_152,TRHV_151,EL2_151,TRHV_151
713,TRHV_152,EL2_152,TRHV_135,EL2_135,TRHV_135
715,KEEL00t00,KEEL2,TRHV_152,EL2_152,TRHV_152
717,KEEL00t00,KEEL2,TRHV_154,EL2_154,TRHV_154
718,KEEL00t00,KEEL2,TRHV_136,EL2_136,TRHV_136
722,TRHV_154,EL2_154,TRHV_155,EL2_155,TRHV_155
723,TRHV_154,EL2_154,TRHV_137,EL2_137,TRHV_137
725,TRHV_155,EL2_155,TRHV_154,EL2_154,TRHV_154
727,TRHV_155,EL2_155,TRHV_156,EL2_156,TRHV_156
728,TRHV_155,EL2_155,TRHV_138,EL2_138,TRHV_138
730,TRHV_156,EL2_156,TRHV_155,EL2_155,TRHV_155
732,TRHV_156,EL2_156,TRHV_157,EL2_157,TRHV_157
733,TRHV_156,EL2_156,TRHV_139,EL2_139,TRHV_139
734,TRHV_157,EL2_157,TRHV_175,EL2_175,TRHV_175
735,TRHV_157,EL2_157,TRHV_156,EL2_156,TRHV_156
737,TRHV_157,EL2_157,TRHV_158,EL2_158,TRHV_158
739,TRHV_158,EL2_158,TRHV_176,EL2_176,TRHV_176
740,TRHV_158,EL2_158,TRHV_157,EL2_157,TRHV_157
742,TRHV_158,EL2_158,TRHV_159,EL2_159,TRHV_159
743,TRHV_158,EL2_158,TRHV_141,EL2_141,TRHV_141
744,TRHV_159,EL2_159,TRHV_177,EL2_177,TRHV_177
745,TRHV_159,EL2_159,TRHV_158,EL2_158,TRHV_158
747,TRHV_159,EL2_159,TRHV_142,EL2_142,TRHV_142
776,KEEL00t00,KEEL2,TRHV_185,EL2_185,TRHV_185
789,KEEL00t00,KEEL2,TRHV_169,EL2_169,TRHV_169
794,TRHV_169,EL2_169,TRHV_170,EL2_170,TRHV_170
795,TRHV_169,EL2_169,TRHV_151,EL2_151,TRHV_151
797,TRHV_170,EL2_170,TRHV_169,EL2_169,TRHV_169
800,TRHV_170,EL2_170,TRHV_152,EL2_152,TRHV_152
802,KEEL00t00,KEEL2,TRHV_170,EL2_170,TRHV_170
806,KEEL00t00,KEEL2,TRHV_191,EL2_191,TRHV_191
815,KEEL00t00,KEEL2,TRHV_155,EL2_155,TRHV_155
819,KEEL00t00,KEEL2,TRHV_175,EL2_175,TRHV_175
820,KEEL00t00,KEEL2,TRHV_156,EL2_156,TRHV_156
821,TRHV_175,EL2_175,TRHV_194,EL2_194,TRHV_194
824,TRHV_175,EL2_175,TRHV_176,EL2_176,TRHV_176
825,TRHV_175,EL2_175,TRHV_157,EL2_157,TRHV_157
826,TRHV_176,EL2_176,TRHV_195,EL2_195,TRHV_195
827,TRHV_176,EL2_176,TRHV_175,EL2_175,TRHV_175
829,TRHV_176,EL2_176,TRHV_177,EL2_177,TRHV_177
830,TRHV_176,EL2_176,TRHV_158,EL2_158,TRHV_158
831,TRHV_177,EL2_177,TRHV_196,EL2_196,TRHV_196
832,TRHV_177,EL2_177,TRHV_176,EL2_176,TRHV_176
834,TRHV_177,EL2_177,TRHV_159,EL2_159,TRHV_159
893,KEEL00t00,KEEL2,TRHV_210,EL2_210,TRHV_210
898,TRHV_191,EL2_191,TRHV_211,EL2_211,TRHV_211
903,KEEL00t00,KEEL2,TRHV_212,EL2_212,TRHV_212
908,KEEL00t00,KEEL2,TRHV_213,EL2_213,TRHV_213
911,KEEL00t00,KEEL2,TRHV_194,EL2_194,TRHV_194
913,TRHV_194,EL2_194,TRHV_214,EL2_214,TRHV_214
916,TRHV_194,EL2_194,TRHV_195,EL2_195,TRHV_195
917,TRHV_194,EL2_194,TRHV_175,EL2_175,TRHV_175
919,TRHV_195,EL2_195,TRHV_194,EL2_194,TRHV_194
921,TRHV_195,EL2_195,TRHV_196,EL2_196,TRHV_196
922,TRHV_195,EL2_195,TRHV_176,EL2_176,TRHV_176
923,TRHV_196,EL2_196,TRHV_216,EL2_216,TRHV_216
924,TRHV_196,EL2_196,TRHV_195,EL2_195,TRHV_195
926,TRHV_196,EL2_196,TRHV_177,EL2_177,TRHV_177
990,TRHV_210,EL2_210,TRHV_230,EL2_230,TRHV_230
993,TRHV_210,EL2_210,TRHV_211,EL2_211,TRHV_211
995,TRHV_211,EL2_211,TRHV_231,EL2_231,TRHV_231
996,TRHV_211,EL2_211,TRHV_210,EL2_210,TRHV_210
998,TRHV_211,EL2_211,TRHV_212,EL2_212,TRHV_212
999,TRHV_211,EL2_211,TRHV_191,EL2_191,TRHV_191
1001,TRHV_212,EL2_212,TRHV_211,EL2_211,TRHV_211
1003,TRHV_212,EL2_212,TRHV_213,EL2_213,TRHV_213
1006,TRHV_213,EL2_213,TRHV_212,EL2_212,TRHV_212
1008,TRHV_213,EL2_213,TRHV_214,EL2_214,TRHV_214
1010,TRHV_214,EL2_214,TRHV_234,EL2_234,TRHV_234
1011,TRHV_214,EL2_214,TRHV_213,EL2_213,TRHV_213
1014,TRHV_214,EL2_214,TRHV_194,EL2_194,TRHV_194
1016,KEEL00t00,KEEL2,TRHV_214,EL2_214,TRHV_214
1018,KEEL00t00,KEEL2,TRHV_216,EL2_216,TRHV_216
1019,KEEL00t00,KEEL2,TRHV_195,EL2_195,TRHV_195
1020,TRHV_216,EL2_216,TRHV_236,EL2_236,TRHV_236
1023,TRHV_216,EL2_216,TRHV_196,EL2_196,TRHV_196
1086,KEEL00t00,KEEL2,TRHV_230,EL2_230,TRHV_230
1088,TRHV_230,EL2_230,TRHV_250,EL2_250,TRHV_250
1091,TRHV_230,EL2_230,TRHV_231,EL2_231,TRHV_231
1092,TRHV_230,EL2_230,TRHV_210,EL2_210,TRHV_210
1094,TRHV_231,EL2_231,TRHV_230,EL2_230,TRHV_230
1097,TRHV_231,EL2_231,TRHV_211,EL2_211,TRHV_211
1099,KEEL00t00,KEEL2,TRHV_231,EL2_231,TRHV_231
1106,KEEL00t00,KEEL2,TRHV_234,EL2_234,TRHV_234
1108,TRHV_234,EL2_234,TRHV_254,EL2_254,TRHV_254
1112,TRHV_234,EL2_234,TRHV_214,EL2_214,TRHV_214
1113,KEEL00t00,KEEL2,TRHV_255,EL2_255,TRHV_255
1116,KEEL00t00,KEEL2,TRHV_236,EL2_236,TRHV_236
1118,TRHV_236,EL2_236,TRHV_256,EL2_256,TRHV_256
1121,TRHV_236,EL2_236,TRHV_216,EL2_216,TRHV_216
1184,KEEL00t00,KEEL2,TRHV_250,EL2_250,TRHV_250
1190,TRHV_250,EL2_250,TRHV_230,EL2_230,TRHV_230
1196,KEEL00t00,KEEL2,TRHV_272,EL2_272,TRHV_272
1201,KEEL00t00,KEEL2,TRHV_273,EL2_273,TRHV_273
1204,KEEL00t00,KEEL2,TRHV_254,EL2_254,TRHV_254
1206,TRHV_254,EL2_254,TRHV_274,EL2_274,TRHV_274
1209,TRHV_254,EL2_254,TRHV_255,EL2_255,TRHV_255
1210,TRHV_254,EL2_254,TRHV_234,EL2_234,TRHV_234
1211,TRHV_255,EL2_255,TRHV_275,EL2_275,TRHV_275
1212,TRHV_255,EL2_255,TRHV_254,EL2_254,TRHV_254
1214,TRHV_255,EL2_255,TRHV_256,EL2_256,TRHV_256
1216,TRHV_256,EL2_256,TRHV_276,EL2_276,TRHV_276
1217,TRHV_256,EL2_256,TRHV_255,EL2_255,TRHV_255
1219,TRHV_256,EL2_256,TRHV_236,EL2_236,TRHV_236
1287,KEEL00t00,KEEL2,TRHV_289,EL2_289,TRHV_289
1292,TRHV_272,EL2_272,TRHV_290,EL2_290,TRHV_290
1295,TRHV_272,EL2_272,TRHV_273,EL2_273,TRHV_273
1298,TRHV_273,EL2_273,TRHV_272,EL2_272,TRHV_272
1300,TRHV_273,EL2_273,TRHV_274,EL2_274,TRHV_274
1303,TRHV_274,EL2_274,TRHV_273,EL2_273,TRHV_273
1305,TRHV_274,EL2_274,TRHV_275,EL2_275,TRHV_275
1306,TRHV_274,EL2_274,TRHV_254,EL2_254,TRHV_254
1307,TRHV_275,EL2_275,TRHV_293,EL2_293,TRHV_293
1308,TRHV_275,EL2_275,TRHV_274,EL2_274,TRHV_274
1310,TRHV_275,EL2_275,TRHV_276,EL2_276,TRHV_276
1311,TRHV_275,EL2_275,TRHV_255,EL2_255,TRHV_255
1312,TRHV_276,EL2_276,TRHV_294,EL2_294,TRHV_294
1313,TRHV_276,EL2_276,TRHV_275,EL2_275,TRHV_275
1315,TRHV_276,EL2_276,TRHV_256,EL2_256,TRHV_256
1319,KEEL00t00,KEEL2,TRHV_296,EL2_296,TRHV_296
1369,KEEL00t00,KEEL2,TRHV_306,EL2_306,TRHV_306
1374,TRHV_289,EL2_289,TRHV_307,EL2_307,TRHV_307
1377,TRHV_289,EL2_289,TRHV_290,EL2_290,TRHV_290
1379,TRHV_290,EL2_290,TRHV_308,EL2_308,TRHV_308
1380,TRHV_290,EL2_290,TRHV_289,EL2_289,TRHV_289
1383,TRHV_290,EL2_290,TRHV_272,EL2_272,TRHV_272
1384,KEEL00t00,KEEL2,TRHV_309,EL2_309,TRHV_309
1385,KEEL00t00,KEEL2,TRHV_290,EL2_290,TRHV_290
1392,KEEL00t00,KEEL2,TRHV_293,EL2_293,TRHV_293
1393,KEEL00t00,KEEL2,TRHV_274,EL2_274,TRHV_274
1394,TRHV_293,EL2_293,TRHV_311,EL2_311,TRHV_311
1397,TRHV_293,EL2_293,TRHV_294,EL2_294,TRHV_294
1398,TRHV_293,EL2_293,TRHV_275,EL2_275,TRHV_275
1399,TRHV_294,EL2_294,TRHV_312,EL2_312,TRHV_312
1400,TRHV_294,EL2_294,TRHV_293,EL2_293,TRHV_293
1402,TRHV_294,EL2_294,TRHV_295,EL2_295,TRHV_295
1403,TRHV_294,EL2_294,TRHV_276,EL2_276,TRHV_276
1404,TRHV_295,EL2_295,TRHV_313,EL2_313,TRHV_313
1405,TRHV_295,EL2_295,TRHV_294,EL2_294,TRHV_294
1454,TRHV_306,EL2_306,TRHV_323,EL2_323,TRHV_323
1457,TRHV_306,EL2_306,TRHV_307,EL2_307,TRHV_307
1459,TRHV_307,EL2_307,TRHV_324,EL2_324,TRHV_324
1460,TRHV_307,EL2_307,TRHV_306,EL2_306,TRHV_306
1462,TRHV_307,EL2_307,TRHV_308,EL2_308,TRHV_308
1463,TRHV_307,EL2_307,TRHV_289,EL2_289,TRHV_289
1464,TRHV_308,EL2_308,TRHV_325,EL2_325,TRHV_325
1465,TRHV_308,EL2_308,TRHV_307,EL2_307,TRHV_307
1467,TRHV_308,EL2_308,TRHV_309,EL2_309,TRHV_309
1468,TRHV_308,EL2_308,TRHV_290,EL2_290,TRHV_290
1469,TRHV_309,EL2_309,TRHV_326,EL2_326,TRHV_326
1470,TRHV_309,EL2_309,TRHV_308,EL2_308,TRHV_308
1477,KEEL00t00,KEEL2,TRHV_311,EL2_311,TRHV_311
1479,TRHV_311,EL2_311,TRHV_328,EL2_328,TRHV_328
1482,TRHV_311,EL2_311,TRHV_312,EL2_312,TRHV_312
1483,TRHV_311,EL2_311,TRHV_293,EL2_293,TRHV_293
1484,TRHV_312,EL2_312,TRHV_329,EL2_329,TRHV_329
1485,TRHV_312,EL2_312,TRHV_311,EL2_311,TRHV_311
1487,TRHV_312,EL2_312,TRHV_313,EL2_313,TRHV_313
1488,TRHV_312,EL2_312,TRHV_294,EL2_294,TRHV_294
1490,TRHV_313,EL2_313,TRHV_312,EL2_312,TRHV_312
1493,TRHV_313,EL2_313,TRHV_295,EL2_295,TRHV_295
1494,KEEL00t00,KEEL2,TRHV_313,EL2_313,TRHV_313
1531,KEEL00t00,KEEL2,TRHV_323,EL2_323,TRHV_323
1536,TRHV_323,EL2_323,TRHV_324,EL2_324,TRHV_324
1537,TRHV_323,EL2_323,TRHV_306,EL2_306,TRHV_306
1538,TRHV_324,EL2_324,TRHV_338,EL2_338,TRHV_338
1539,TRHV_324,EL2_324,TRHV_323,EL2_323,TRHV_323
1541,TRHV_324,EL2_324,TRHV_325,EL2_325,TRHV_325
1542,TRHV_324,EL2_324,TRHV_307,EL2_307,TRHV_307
1543,TRHV_325,EL2_325,TRHV_339,EL2_339,TRHV_339
1544,TRHV_325,EL2_325,TRHV_324,EL2_324,TRHV_324
1546,TRHV_325,EL2_325,TRHV_326,EL2_326,TRHV_326
1547,TRHV_325,EL2_325,TRHV_308,EL2_308,TRHV_308
1548,TRHV_326,EL2_326,TRHV_340,EL2_340,TRHV_340
1549,TRHV_326,EL2_326,TRHV_325,EL2_325,TRHV_325
1552,TRHV_326,EL2_326,TRHV_309,EL2_309,TRHV_309
1554,KEEL00t00,KEEL2,TRHV_326,EL2_326,TRHV_326
1556,KEEL00t00,KEEL2,TRHV_328,EL2_328,TRHV_328
1561,TRHV_328,EL2_328,TRHV_329,EL2_329,TRHV_329
1562,TRHV_328,EL2_328,TRHV_311,EL2_311,TRHV_311
1564,TRHV_329,EL2_329,TRHV_328,EL2_328,TRHV_328
1567,TRHV_329,EL2_329,TRHV_312,EL2_312,TRHV_312
1568,KEEL00t00,KEEL2,TRHV_329,EL2_329,TRHV_329
1601,TRHV_337,EL2_337,TRHV_338,EL2_338,TRHV_338
1602,TRHV_337,EL2_337,TRHV_323,EL2_323,TRHV_323
1603,TRHV_338,EL2_338,TRHV_349,EL2_349,TRHV_349
1606,TRHV_338,EL2_338,TRHV_339,EL2_339,TRHV_339
1607,TRHV_338,EL2_338,TRHV_324,EL2_324,TRHV_324
1608,TRHV_339,EL2_339,TRHV_350,EL2_350,TRHV_350
1609,TRHV_339,EL2_339,TRHV_338,EL2_338,TRHV_338
1611,TRHV_339,EL2_339,TRHV_340,EL2_340,TRHV_340
1612,TRHV_339,EL2_339,TRHV_325,EL2_325,TRHV_325
1613,TRHV_340,EL2_340,TRHV_351,EL2_351,TRHV_351
1614,TRHV_340,EL2_340,TRHV_339,EL2_339,TRHV_339
1617,TRHV_340,EL2_340,TRHV_326,EL2_326,TRHV_326
1619,KEEL00t00,KEEL2,TRHV_340,EL2_340,TRHV_340
1650,TRHV_348,EL2_348,TRHV_349,EL2_349,TRHV_349
1652,TRHV_349,EL2_349,TRHV_356,EL2_356,TRHV_356
1655,TRHV_349,EL2_349,TRHV_350,EL2_350,TRHV_350
1656,TRHV_349,EL2_349,TRHV_338,EL2_338,TRHV_338
1657,TRHV_350,EL2_350,TRHV_357,EL2_357,TRHV_357
1658,TRHV_350,EL2_350,TRHV_349,EL2_349,TRHV_349
1660,TRHV_350,EL2_350,TRHV_351,EL2_351,TRHV_351
1661,TRHV_350,EL2_350,TRHV_339,EL2_339,TRHV_339
1663,TRHV_351,EL2_351,TRHV_350,EL2_350,TRHV_350
1666,TRHV_351,EL2_351,TRHV_340,EL2_340,TRHV_340
1668,KEEL00t00,KEEL2,TRHV_351,EL2_351,TRHV_351
1683,KEEL00t00,KEEL2,TRHV_356,EL2_356,TRHV_356
1688,TRHV_356,EL2_356,TRHV_357,EL2_357,TRHV_357
1689,TRHV_356,EL2_356,TRHV_349,EL2_349,TRHV_349
1690,TRHV_357,EL2_357,TRHV_356,EL2_356,TRHV_356
1694,TRHV_357,EL2_357,TRHV_350,EL2_350,TRHV_350
1695,KEEL00t00,KEEL2,TRHV_357,EL2_357,TRHV_357
1738,KEEL00t00,KEEL2,TRHV_372,EL2_372,TRHV_372
1774,TRHV_377,EL2_377,TRHV_3,EL2_3,TRHV_3
1776,TRHV_377,EL2_377,TRHV_378,EL2_378,TRHV_378
1777,TRHV_378,EL2_378,TRHV_4,EL2_4,TRHV_4
1778,TRHV_378,EL2_378,TRHV_377,EL2_377,TRHV_377
